report_number,file,commit,timestamp
E-2024020078,2024-02.csv,719442b6fffa089abe4b101c046931cbd2a3c4de,2024-02-12T18:12:40+00:00
X-2024020150,2024-02.csv,719442b6fffa089abe4b101c046931cbd2a3c4de,2024-02-12T18:12:40+00:00
E-2024020099,2024-02.csv,719442b6fffa089abe4b101c046931cbd2a3c4de,2024-02-12T18:12:40+00:00
E-2024020077,2024-02.csv,719442b6fffa089abe4b101c046931cbd2a3c4de,2024-02-12T18:12:40+00:00
X-2024020159,2024-02.csv,719442b6fffa089abe4b101c046931cbd2a3c4de,2024-02-12T18:12:40+00:00
E-2024020117,2024-02.csv,719442b6fffa089abe4b101c046931cbd2a3c4de,2024-02-12T18:12:40+00:00
X-2024020157,2024-02.csv,719442b6fffa089abe4b101c046931cbd2a3c4de,2024-02-12T18:12:40+00:00
E-2024020146,2024-02.csv,719442b6fffa089abe4b101c046931cbd2a3c4de,2024-02-12T18:12:40+00:00
E-2024020121,2024-02.csv,719442b6fffa089abe4b101c046931cbd2a3c4de,2024-02-12T18:12:40+00:00
E-2024020136,2024-02.csv,719442b6fffa089abe4b101c046931cbd2a3c4de,2024-02-12T18:12:40+00:00
X-2024020158,2024-02.csv,719442b6fffa089abe4b101c046931cbd2a3c4de,2024-02-12T18:12:40+00:00
E-2024020161,2024-02.csv,719442b6fffa089abe4b101c046931cbd2a3c4de,2024-02-12T18:12:40+00:00
E-2024020147,2024-02.csv,719442b6fffa089abe4b101c046931cbd2a3c4de,2024-02-12T18:12:40+00:00
E-2024020089,2024-02.csv,719442b6fffa089abe4b101c046931cbd2a3c4de,2024-02-12T18:12:40+00:00
X-2024020151,2024-02.csv,719442b6fffa089abe4b101c046931cbd2a3c4de,2024-02-12T18:12:40+00:00
X-2024020133,2024-02.csv,719442b6fffa089abe4b101c046931cbd2a3c4de,2024-02-12T18:12:40+00:00
X-2024020160,2024-02.csv,719442b6fffa089abe4b101c046931cbd2a3c4de,2024-02-12T18:12:40+00:00
X-2024020146,2024-02.csv,719442b6fffa089abe4b101c046931cbd2a3c4de,2024-02-12T18:12:40+00:00
E-2024020148,2024-02.csv,719442b6fffa089abe4b101c046931cbd2a3c4de,2024-02-12T18:12:40+00:00
E-2024020103,2024-02.csv,719442b6fffa089abe4b101c046931cbd2a3c4de,2024-02-12T18:12:40+00:00
E-2024020075,2024-02.csv,719442b6fffa089abe4b101c046931cbd2a3c4de,2024-02-12T18:12:40+00:00
E-2024020111,2024-02.csv,719442b6fffa089abe4b101c046931cbd2a3c4de,2024-02-12T18:12:40+00:00
X-2024020153,2024-02.csv,719442b6fffa089abe4b101c046931cbd2a3c4de,2024-02-12T18:12:40+00:00
I-2024020009,2024-02.csv,719442b6fffa089abe4b101c046931cbd2a3c4de,2024-02-12T18:12:40+00:00
E-2024020079,2024-02.csv,719442b6fffa089abe4b101c046931cbd2a3c4de,2024-02-12T18:12:40+00:00
